"name","weekday","income"
Abraham e Bennet,monday,15203984
Abraham e Bennet,monday,19687184
Abraham e Bennet,monday,16384163
Abraham e Bennet,monday,13485559
Abraham e Bennet,monday,20349447
Abraham e Bennet,monday,14293368
Abraham e Bennet,monday,10012033
Abraham e Bennet,monday,19081230
Abraham e Bennet,monday,9932043
Abraham e Bennet,monday,14425997
Abraham e Bennet,monday,15735722
Abraham e Bennet,monday,16509282
Abraham e Bennet,monday,19671740
Abraham e Bennet,monday,13428763
Abraham e Bennet,monday,13644722
Albert i Ringer,monday,19939383
Albert i Ringer,monday,28254710
Albert i Ringer,monday,31220301
Albert i Ringer,monday,29910071
Albert i Ringer,monday,21742840
Albert i Ringer,monday,25456685
Albert i Ringer,monday,28015437
Albert i Ringer,monday,26778061
Albert i Ringer,monday,14698449
Albert i Ringer,monday,22041143
Albert i Ringer,monday,26993333
Albert i Ringer,monday,39988013
Albert i Ringer,monday,21975271
Albert i Ringer,monday,29268566
Albert i Ringer,monday,26095767
Ann u Dull,monday,2712202
Ann u Dull,monday,3057364
Ann u Dull,monday,2272865
Ann u Dull,monday,2810496
Ann u Dull,monday,3073179
Ann u Dull,monday,2322181
Ann u Dull,monday,2954301
Ann u Dull,monday,2689772
Ann u Dull,monday,3271042
Ann u Dull,monday,2465335
Ann u Dull,monday,2168865
Ann u Dull,monday,2794084
Ann u Dull,monday,2487167
Ann u Dull,monday,2326924
Ann u Dull,monday,2251059
Anne i Ringer,monday,3836333
Anne i Ringer,monday,2864944
Anne i Ringer,monday,3958932
Anne i Ringer,monday,4602346
Anne i Ringer,monday,1936510
Anne i Ringer,monday,4118218
Anne i Ringer,monday,4081531
Anne i Ringer,monday,4038575
Anne i Ringer,monday,2947721
Anne i Ringer,monday,3879289
Anne i Ringer,monday,3392027
Anne i Ringer,monday,3024230
Anne i Ringer,monday,2907899
Anne i Ringer,monday,4121353
Anne i Ringer,monday,3677047
Burt r Gringlesby,monday,7760651
Burt r Gringlesby,monday,7296737
Burt r Gringlesby,monday,8893348
Burt r Gringlesby,monday,7370839
Burt r Gringlesby,monday,9219624
Burt r Gringlesby,monday,6562936
Burt r Gringlesby,monday,9162957
Burt r Gringlesby,monday,7105494
Burt r Gringlesby,monday,8111965
Burt r Gringlesby,monday,8707672
Burt r Gringlesby,monday,5394803
Burt r Gringlesby,monday,6421035
Burt r Gringlesby,monday,9467535
Burt r Gringlesby,monday,7904312
Burt r Gringlesby,monday,9049901
Charlene o Locksley,monday,7851997
Charlene o Locksley,monday,6601376
Charlene o Locksley,monday,6782150
Charlene o Locksley,monday,9729581
Charlene o Locksley,monday,8306095
Charlene o Locksley,monday,8572282
Charlene o Locksley,monday,7367556
Charlene o Locksley,monday,6548345
Charlene o Locksley,monday,6501939
Charlene o Locksley,monday,6596277
Charlene o Locksley,monday,9104145
Charlene o Locksley,monday,5946108
Charlene o Locksley,monday,5128936
Charlene o Locksley,monday,8144955
Charlene o Locksley,monday,5268914
Cheryl a Carson,monday,7613744
Cheryl a Carson,monday,5389890
Cheryl a Carson,monday,4407318
Cheryl a Carson,monday,5936889
Cheryl a Carson,monday,4910539
Cheryl a Carson,monday,3670322
Cheryl a Carson,monday,6205839
Cheryl a Carson,monday,4424715
Cheryl a Carson,monday,4146286
Cheryl a Carson,monday,5315087
Cheryl a Carson,monday,6205077
Cheryl a Carson,monday,6044545
Cheryl a Carson,monday,2551771
Cheryl a Carson,monday,4821726
Cheryl a Carson,monday,6333900
Dean t Straight,monday,10419113
Dean t Straight,monday,13807973
Dean t Straight,monday,11905938
Dean t Straight,monday,17417197
Dean t Straight,monday,13881006
Dean t Straight,monday,12737556
Dean t Straight,monday,13754796
Dean t Straight,monday,11456382
Dean t Straight,monday,12918838
Dean t Straight,monday,14515865
Dean t Straight,monday,11789376
Dean t Straight,monday,11365372
Dean t Straight,monday,10529994
Dean t Straight,monday,10724538
Dean t Straight,monday,15326226
Dirk t Stringer,monday,56193251
Dirk t Stringer,monday,47511599
Dirk t Stringer,monday,48962949
Dirk t Stringer,monday,41481940
Dirk t Stringer,monday,67051927
Dirk t Stringer,monday,52340616
Dirk t Stringer,monday,51139974
Dirk t Stringer,monday,55968991
Dirk t Stringer,monday,49688624
Dirk t Stringer,monday,28472687
Dirk t Stringer,monday,63199293
Dirk t Stringer,monday,53066291
Dirk t Stringer,monday,48013015
Dirk t Stringer,monday,43909672
Dirk t Stringer,monday,52340616
Heather c McBadden,monday,16826626
Heather c McBadden,monday,15069896
Heather c McBadden,monday,19216564
Heather c McBadden,monday,20906735
Heather c McBadden,monday,24681656
Heather c McBadden,monday,18991189
Heather c McBadden,monday,21107242
Heather c McBadden,monday,20404419
Heather c McBadden,monday,19061597
Heather c McBadden,monday,15195961
Heather c McBadden,monday,18314124
Heather c McBadden,monday,19190861
Heather c McBadden,monday,15182089
Heather c McBadden,monday,22684005
Heather c McBadden,monday,26181677
Innes e del Castillo,monday,16339660
Innes e del Castillo,monday,14654025
Innes e del Castillo,monday,12217773
Innes e del Castillo,monday,14938619
Innes e del Castillo,monday,15160207
Innes e del Castillo,monday,20878617
Innes e del Castillo,monday,11386550
Innes e del Castillo,monday,22978404
Innes e del Castillo,monday,16716282
Innes e del Castillo,monday,16247973
Innes e del Castillo,monday,22771157
Innes e del Castillo,monday,16573013
Innes e del Castillo,monday,14394907
Innes e del Castillo,monday,24093248
Innes e del Castillo,monday,21642313
Johnson h White,monday,4546079
Johnson h White,monday,7753645
Johnson h White,monday,5324180
Johnson h White,monday,5077972
Johnson h White,monday,8465660
Johnson h White,monday,6627160
Johnson h White,monday,9958600
Johnson h White,monday,8032192
Johnson h White,monday,5120362
Johnson h White,monday,4928814
Johnson h White,monday,7521541
Johnson h White,monday,6304532
Johnson h White,monday,7958762
Johnson h White,monday,4847862
Johnson h White,monday,6093414
Livia a Karsen,monday,10475774
Livia a Karsen,monday,8897148
Livia a Karsen,monday,5111410
Livia a Karsen,monday,7921340
Livia a Karsen,monday,10245074
Livia a Karsen,monday,12139215
Livia a Karsen,monday,9762472
Livia a Karsen,monday,7392736
Livia a Karsen,monday,5015992
Livia a Karsen,monday,10245074
Livia a Karsen,monday,8928954
Livia a Karsen,monday,8981964
Livia a Karsen,monday,8340331
Livia a Karsen,monday,8169650
Livia a Karsen,monday,10759483
Marjorie r Green,monday,6401745
Marjorie r Green,monday,4925531
Marjorie r Green,monday,7173264
Marjorie r Green,monday,4964446
Marjorie r Green,monday,4951882
Marjorie r Green,monday,8467689
Marjorie r Green,monday,8020500
Marjorie r Green,monday,6826253
Marjorie r Green,monday,5207831
Marjorie r Green,monday,5913417
Marjorie r Green,monday,5425756
Marjorie r Green,monday,8274560
Marjorie r Green,monday,8698511
Marjorie r Green,monday,4090526
Marjorie r Green,monday,8197952
Meander m Smith,monday,3222213
Meander m Smith,monday,3008917
Meander m Smith,monday,2317038
Meander m Smith,monday,3764225
Meander m Smith,monday,5052091
Meander m Smith,monday,5102458
Meander m Smith,monday,3955133
Meander m Smith,monday,3616472
Meander m Smith,monday,3698554
Meander m Smith,monday,3327431
Meander m Smith,monday,4049530
Meander m Smith,monday,2658688
Meander m Smith,monday,3092493
Meander m Smith,monday,2977202
Meander m Smith,monday,2317786
Michael ' O'Leary,monday,8744908
Michael ' O'Leary,monday,7032563
Michael ' O'Leary,monday,11336323
Michael ' O'Leary,monday,7939111
Michael ' O'Leary,monday,13891102
Michael ' O'Leary,monday,10457253
Michael ' O'Leary,monday,6977608
Michael ' O'Leary,monday,5347696
Michael ' O'Leary,monday,4459466
Michael ' O'Leary,monday,14761013
Michael ' O'Leary,monday,7911633
Michael ' O'Leary,monday,11290527
Michael ' O'Leary,monday,10438934
Michael ' O'Leary,monday,10493889
Michael ' O'Leary,monday,7014245
Michel e DeFrance,monday,33312336
Michel e DeFrance,monday,25893363
Michel e DeFrance,monday,40864914
Michel e DeFrance,monday,33563215
Michel e DeFrance,monday,31028511
Michel e DeFrance,monday,27148171
Michel e DeFrance,monday,29515425
Michel e DeFrance,monday,30410247
Michel e DeFrance,monday,37327638
Michel e DeFrance,monday,35118311
Michel e DeFrance,monday,38697597
Michel e DeFrance,monday,22213726
Michel e DeFrance,monday,34307509
Michel e DeFrance,monday,28143344
Michel e DeFrance,monday,32040606
Morningstar r Greene,monday,4975161
Morningstar r Greene,monday,3496641
Morningstar r Greene,monday,3690978
Morningstar r Greene,monday,4072755
Morningstar r Greene,monday,3929336
Morningstar r Greene,monday,4132231
Morningstar r Greene,monday,5105010
Morningstar r Greene,monday,5322840
Morningstar r Greene,monday,7024879
Morningstar r Greene,monday,4449411
Morningstar r Greene,monday,4313995
Morningstar r Greene,monday,2823175
Morningstar r Greene,monday,4546062
Morningstar r Greene,monday,3133828
Morningstar r Greene,monday,6364982
Reginald l Blotchet-Halls,monday,5196399
Reginald l Blotchet-Halls,monday,8353894
Reginald l Blotchet-Halls,monday,5535762
Reginald l Blotchet-Halls,monday,7578564
Reginald l Blotchet-Halls,monday,4977103
Reginald l Blotchet-Halls,monday,7168700
Reginald l Blotchet-Halls,monday,9520827
Reginald l Blotchet-Halls,monday,5952153
Reginald l Blotchet-Halls,monday,9223236
Reginald l Blotchet-Halls,monday,7530268
Reginald l Blotchet-Halls,monday,5372604
Reginald l Blotchet-Halls,monday,5380443
Reginald l Blotchet-Halls,monday,5755058
Reginald l Blotchet-Halls,monday,7741722
Reginald l Blotchet-Halls,monday,7891832
Sheryl u Hunter,monday,8732949
Sheryl u Hunter,monday,9615491
Sheryl u Hunter,monday,11731155
Sheryl u Hunter,monday,10457358
Sheryl u Hunter,monday,9821701
Sheryl u Hunter,monday,11937365
Sheryl u Hunter,monday,11149296
Sheryl u Hunter,monday,11212849
Sheryl u Hunter,monday,10916068
Sheryl u Hunter,monday,9964121
Sheryl u Hunter,monday,10956449
Sheryl u Hunter,monday,9359145
Sheryl u Hunter,monday,9684896
Sheryl u Hunter,monday,10293773
Sheryl u Hunter,monday,7468907
Stearns a MacFeather,monday,2338365
Stearns a MacFeather,monday,1362307
Stearns a MacFeather,monday,1580570
Stearns a MacFeather,monday,2109030
Stearns a MacFeather,monday,1115653
Stearns a MacFeather,monday,3127303
Stearns a MacFeather,monday,2251524
Stearns a MacFeather,monday,2528071
Stearns a MacFeather,monday,1513020
Stearns a MacFeather,monday,2083493
Stearns a MacFeather,monday,2233034
Stearns a MacFeather,monday,1519061
Stearns a MacFeather,monday,2399234
Stearns a MacFeather,monday,2290807
Stearns a MacFeather,monday,2326797
Sylvia a Panteley,monday,4866520
Sylvia a Panteley,monday,6689100
Sylvia a Panteley,monday,6799900
Sylvia a Panteley,monday,5845454
Sylvia a Panteley,monday,4379731
Sylvia a Panteley,monday,6168513
Sylvia a Panteley,monday,7074462
Sylvia a Panteley,monday,8247923
Sylvia a Panteley,monday,3237036
Sylvia a Panteley,monday,8888208
Sylvia a Panteley,monday,8072050
Sylvia a Panteley,monday,6449353
Sylvia a Panteley,monday,7928405
Sylvia a Panteley,monday,6645990
Sylvia a Panteley,monday,5106776
Abraham e Bennet,tuesday,12264088
Abraham e Bennet,tuesday,16995968
Abraham e Bennet,tuesday,18919714
Abraham e Bennet,tuesday,16460956
Abraham e Bennet,tuesday,16499639
Abraham e Bennet,tuesday,18199024
Abraham e Bennet,tuesday,21607321
Abraham e Bennet,tuesday,14224105
Abraham e Bennet,tuesday,16603819
Abraham e Bennet,tuesday,13162307
Abraham e Bennet,tuesday,17427710
Abraham e Bennet,tuesday,16748059
Abraham e Bennet,tuesday,20029446
Abraham e Bennet,tuesday,23784730
Abraham e Bennet,tuesday,16131139
Albert i Ringer,tuesday,16727383
Albert i Ringer,tuesday,30043969
Albert i Ringer,tuesday,37916239
Albert i Ringer,tuesday,29840766
Albert i Ringer,tuesday,20062424
Albert i Ringer,tuesday,34321735
Albert i Ringer,tuesday,34051169
Albert i Ringer,tuesday,33919124
Albert i Ringer,tuesday,21643202
Albert i Ringer,tuesday,32908629
Albert i Ringer,tuesday,27775417
Albert i Ringer,tuesday,26227025
Albert i Ringer,tuesday,19590167
Albert i Ringer,tuesday,30275814
Albert i Ringer,tuesday,23718634
Ann u Dull,tuesday,2859813
Ann u Dull,tuesday,2255204
Ann u Dull,tuesday,2189761
Ann u Dull,tuesday,3013414
Ann u Dull,tuesday,3085473
Ann u Dull,tuesday,2458434
Ann u Dull,tuesday,2399294
Ann u Dull,tuesday,1520333
Ann u Dull,tuesday,3193929
Ann u Dull,tuesday,1674871
Ann u Dull,tuesday,2536457
Ann u Dull,tuesday,3259034
Ann u Dull,tuesday,2168241
Ann u Dull,tuesday,2810809
Ann u Dull,tuesday,2672736
Anne i Ringer,tuesday,4038575
Anne i Ringer,tuesday,3548179
Anne i Ringer,tuesday,4118218
Anne i Ringer,tuesday,4562524
Anne i Ringer,tuesday,2901631
Anne i Ringer,tuesday,4363416
Anne i Ringer,tuesday,4200996
Anne i Ringer,tuesday,2864944
Anne i Ringer,tuesday,5129429
Anne i Ringer,tuesday,3995619
Anne i Ringer,tuesday,3833199
Anne i Ringer,tuesday,3309250
Anne i Ringer,tuesday,2947721
Anne i Ringer,tuesday,2055975
Anne i Ringer,tuesday,3548179
Burt r Gringlesby,tuesday,8046213
Burt r Gringlesby,tuesday,7710285
Burt r Gringlesby,tuesday,7731805
Burt r Gringlesby,tuesday,7396901
Burt r Gringlesby,tuesday,8408939
Burt r Gringlesby,tuesday,7651859
Burt r Gringlesby,tuesday,8081360
Burt r Gringlesby,tuesday,4559079
Burt r Gringlesby,tuesday,8633570
Burt r Gringlesby,tuesday,9109352
Burt r Gringlesby,tuesday,7601036
Burt r Gringlesby,tuesday,8372768
Burt r Gringlesby,tuesday,6699272
Burt r Gringlesby,tuesday,8638112
Burt r Gringlesby,tuesday,5813460
Charlene o Locksley,tuesday,8298446
Charlene o Locksley,tuesday,6364510
Charlene o Locksley,tuesday,6168439
Charlene o Locksley,tuesday,6309440
Charlene o Locksley,tuesday,7370616
Charlene o Locksley,tuesday,7424670
Charlene o Locksley,tuesday,5795678
Charlene o Locksley,tuesday,7580711
Charlene o Locksley,tuesday,6575116
Charlene o Locksley,tuesday,5854831
Charlene o Locksley,tuesday,5290586
Charlene o Locksley,tuesday,6144729
Charlene o Locksley,tuesday,8382837
Charlene o Locksley,tuesday,8260201
Charlene o Locksley,tuesday,6598827
Cheryl a Carson,tuesday,4615093
Cheryl a Carson,tuesday,6023760
Cheryl a Carson,tuesday,5000417
Cheryl a Carson,tuesday,7353093
Cheryl a Carson,tuesday,4085111
Cheryl a Carson,tuesday,5597665
Cheryl a Carson,tuesday,5479388
Cheryl a Carson,tuesday,5369105
Cheryl a Carson,tuesday,6620247
Cheryl a Carson,tuesday,3306164
Cheryl a Carson,tuesday,1793991
Cheryl a Carson,tuesday,4817957
Cheryl a Carson,tuesday,6309346
Cheryl a Carson,tuesday,3073455
Cheryl a Carson,tuesday,7460749
Dean t Straight,tuesday,14244740
Dean t Straight,tuesday,10795596
Dean t Straight,tuesday,11168130
Dean t Straight,tuesday,13190554
Dean t Straight,tuesday,10092405
Dean t Straight,tuesday,13915225
Dean t Straight,tuesday,11292149
Dean t Straight,tuesday,12845185
Dean t Straight,tuesday,13445558
Dean t Straight,tuesday,12589649
Dean t Straight,tuesday,9466457
Dean t Straight,tuesday,12359677
Dean t Straight,tuesday,10576319
Dean t Straight,tuesday,14882539
Dean t Straight,tuesday,12594902
Dirk t Stringer,tuesday,43658965
Dirk t Stringer,tuesday,47511599
Dirk t Stringer,tuesday,66801220
Dirk t Stringer,tuesday,55494024
Dirk t Stringer,tuesday,44635347
Dirk t Stringer,tuesday,44635347
Dirk t Stringer,tuesday,40532005
Dirk t Stringer,tuesday,45835990
Dirk t Stringer,tuesday,46561665
Dirk t Stringer,tuesday,64874902
Dirk t Stringer,tuesday,46561665
Dirk t Stringer,tuesday,54293382
Dirk t Stringer,tuesday,54992609
Dirk t Stringer,tuesday,37154338
Dirk t Stringer,tuesday,41006973
Heather c McBadden,tuesday,14947836
Heather c McBadden,tuesday,13369111
Heather c McBadden,tuesday,22587382
Heather c McBadden,tuesday,20339486
Heather c McBadden,tuesday,16687060
Heather c McBadden,tuesday,20795300
Heather c McBadden,tuesday,13461164
Heather c McBadden,tuesday,18141873
Heather c McBadden,tuesday,24765369
Heather c McBadden,tuesday,16833797
Heather c McBadden,tuesday,17828101
Heather c McBadden,tuesday,17175981
Heather c McBadden,tuesday,11631014
Heather c McBadden,tuesday,22387908
Heather c McBadden,tuesday,16940034
Innes e del Castillo,tuesday,14756847
Innes e del Castillo,tuesday,16404610
Innes e del Castillo,tuesday,19841460
Innes e del Castillo,tuesday,23368395
Innes e del Castillo,tuesday,18102641
Innes e del Castillo,tuesday,17247257
Innes e del Castillo,tuesday,19645979
Innes e del Castillo,tuesday,23145835
Innes e del Castillo,tuesday,18350335
Innes e del Castillo,tuesday,19504654
Innes e del Castillo,tuesday,16082145
Innes e del Castillo,tuesday,21240557
Innes e del Castillo,tuesday,15536488
Innes e del Castillo,tuesday,26697904
Innes e del Castillo,tuesday,15548254
Johnson h White,tuesday,7964950
Johnson h White,tuesday,6533303
Johnson h White,tuesday,7378500
Johnson h White,tuesday,4170996
Johnson h White,tuesday,7596476
Johnson h White,tuesday,8834682
Johnson h White,tuesday,7406556
Johnson h White,tuesday,8563104
Johnson h White,tuesday,4752982
Johnson h White,tuesday,5535399
Johnson h White,tuesday,5416301
Johnson h White,tuesday,6829113
Johnson h White,tuesday,5756965
Johnson h White,tuesday,7411751
Johnson h White,tuesday,6124507
Livia a Karsen,tuesday,12086205
Livia a Karsen,tuesday,14672444
Livia a Karsen,tuesday,12118011
Livia a Karsen,tuesday,12884323
Livia a Karsen,tuesday,9947169
Livia a Karsen,tuesday,11866108
Livia a Karsen,tuesday,673438
Livia a Karsen,tuesday,17311693
Livia a Karsen,tuesday,9212663
Livia a Karsen,tuesday,10266278
Livia a Karsen,tuesday,10518182
Livia a Karsen,tuesday,6175627
Livia a Karsen,tuesday,8950158
Livia a Karsen,tuesday,2671055
Livia a Karsen,tuesday,6342715
Marjorie r Green,tuesday,6541172
Marjorie r Green,tuesday,8467689
Marjorie r Green,tuesday,4681812
Marjorie r Green,tuesday,8315365
Marjorie r Green,tuesday,8354280
Marjorie r Green,tuesday,5631116
Marjorie r Green,tuesday,6285889
Marjorie r Green,tuesday,10163717
Marjorie r Green,tuesday,5604765
Marjorie r Green,tuesday,4527374
Marjorie r Green,tuesday,9379301
Marjorie r Green,tuesday,3910293
Marjorie r Green,tuesday,6003255
Marjorie r Green,tuesday,7259988
Marjorie r Green,tuesday,7362947
Meander m Smith,tuesday,5072238
Meander m Smith,tuesday,3988342
Meander m Smith,tuesday,3615725
Meander m Smith,tuesday,4752229
Meander m Smith,tuesday,4721262
Meander m Smith,tuesday,3935733
Meander m Smith,tuesday,4475503
Meander m Smith,tuesday,3720195
Meander m Smith,tuesday,4391927
Meander m Smith,tuesday,6837191
Meander m Smith,tuesday,3689228
Meander m Smith,tuesday,3348325
Meander m Smith,tuesday,4359465
Meander m Smith,tuesday,3347578
Meander m Smith,tuesday,3659007
Michael ' O'Leary,tuesday,12197075
Michael ' O'Leary,tuesday,5283581
Michael ' O'Leary,tuesday,7957429
Michael ' O'Leary,tuesday,8772385
Michael ' O'Leary,tuesday,5338536
Michael ' O'Leary,tuesday,11308845
Michael ' O'Leary,tuesday,7847519
Michael ' O'Leary,tuesday,6135174
Michael ' O'Leary,tuesday,7920793
Michael ' O'Leary,tuesday,17361587
Michael ' O'Leary,tuesday,4441148
Michael ' O'Leary,tuesday,7014245
Michael ' O'Leary,tuesday,7893315
Michael ' O'Leary,tuesday,6135174
Michael ' O'Leary,tuesday,9651456
Michel e DeFrance,tuesday,22371653
Michel e DeFrance,tuesday,28110091
Michel e DeFrance,tuesday,26310925
Michel e DeFrance,tuesday,24973454
Michel e DeFrance,tuesday,40170795
Michel e DeFrance,tuesday,34165148
Michel e DeFrance,tuesday,32827677
Michel e DeFrance,tuesday,37309950
Michel e DeFrance,tuesday,36573055
Michel e DeFrance,tuesday,24630390
Michel e DeFrance,tuesday,34047874
Michel e DeFrance,tuesday,32801232
Michel e DeFrance,tuesday,32985604
Michel e DeFrance,tuesday,28252452
Michel e DeFrance,tuesday,31890079
Morningstar r Greene,tuesday,4991193
Morningstar r Greene,tuesday,3212181
Morningstar r Greene,tuesday,6839482
Morningstar r Greene,tuesday,4526580
Morningstar r Greene,tuesday,4344816
Morningstar r Greene,tuesday,3253740
Morningstar r Greene,tuesday,6684156
Morningstar r Greene,tuesday,4051661
Morningstar r Greene,tuesday,2879018
Morningstar r Greene,tuesday,3048862
Morningstar r Greene,tuesday,5276036
Morningstar r Greene,tuesday,5219528
Morningstar r Greene,tuesday,3305851
Morningstar r Greene,tuesday,3888578
Morningstar r Greene,tuesday,6215751
Reginald l Blotchet-Halls,tuesday,3934180
Reginald l Blotchet-Halls,tuesday,7235258
Reginald l Blotchet-Halls,tuesday,8562764
Reginald l Blotchet-Halls,tuesday,5148099
Reginald l Blotchet-Halls,tuesday,6382907
Reginald l Blotchet-Halls,tuesday,6610038
Reginald l Blotchet-Halls,tuesday,7326648
Reginald l Blotchet-Halls,tuesday,7448030
Reginald l Blotchet-Halls,tuesday,5517501
Reginald l Blotchet-Halls,tuesday,6187126
Reginald l Blotchet-Halls,tuesday,5273424
Reginald l Blotchet-Halls,tuesday,5447004
Reginald l Blotchet-Halls,tuesday,4439330
Reginald l Blotchet-Halls,tuesday,4051667
Reginald l Blotchet-Halls,tuesday,5734172
Sheryl u Hunter,tuesday,9014124
Sheryl u Hunter,tuesday,9025829
Sheryl u Hunter,tuesday,9388115
Sheryl u Hunter,tuesday,13627246
Sheryl u Hunter,tuesday,9914223
Sheryl u Hunter,tuesday,15351655
Sheryl u Hunter,tuesday,11991164
Sheryl u Hunter,tuesday,11910347
Sheryl u Hunter,tuesday,11998967
Sheryl u Hunter,tuesday,10068054
Sheryl u Hunter,tuesday,9891107
Sheryl u Hunter,tuesday,12068373
Sheryl u Hunter,tuesday,9214775
Sheryl u Hunter,tuesday,9723326
Sheryl u Hunter,tuesday,10567438
Stearns a MacFeather,tuesday,1389036
Stearns a MacFeather,tuesday,1589341
Stearns a MacFeather,tuesday,2128177
Stearns a MacFeather,tuesday,2334851
Stearns a MacFeather,tuesday,1493524
Stearns a MacFeather,tuesday,2545533
Stearns a MacFeather,tuesday,1721420
Stearns a MacFeather,tuesday,2171032
Stearns a MacFeather,tuesday,3212664
Stearns a MacFeather,tuesday,1965385
Stearns a MacFeather,tuesday,2008751
Stearns a MacFeather,tuesday,2241089
Stearns a MacFeather,tuesday,2485934
Stearns a MacFeather,tuesday,2121787
Stearns a MacFeather,tuesday,1647976
Sylvia a Panteley,tuesday,5918946
Sylvia a Panteley,tuesday,4543939
Sylvia a Panteley,tuesday,7036677
Sylvia a Panteley,tuesday,6008738
Sylvia a Panteley,tuesday,6434177
Sylvia a Panteley,tuesday,7955447
Sylvia a Panteley,tuesday,3898298
Sylvia a Panteley,tuesday,6569433
Sylvia a Panteley,tuesday,7498056
Sylvia a Panteley,tuesday,6591629
Sylvia a Panteley,tuesday,7478925
Sylvia a Panteley,tuesday,7301419
Sylvia a Panteley,tuesday,7705850
Sylvia a Panteley,tuesday,6824418
Sylvia a Panteley,tuesday,7523943
Abraham e Bennet,wednesday,17560172
Abraham e Bennet,wednesday,20344916
Abraham e Bennet,wednesday,14631787
Abraham e Bennet,wednesday,9907272
Abraham e Bennet,wednesday,22683225
Abraham e Bennet,wednesday,17103206
Abraham e Bennet,wednesday,13792675
Abraham e Bennet,wednesday,14253544
Abraham e Bennet,wednesday,12599948
Abraham e Bennet,wednesday,13280201
Abraham e Bennet,wednesday,14507824
Abraham e Bennet,wednesday,15830734
Abraham e Bennet,wednesday,11087698
Abraham e Bennet,wednesday,17259606
Albert i Ringer,wednesday,32223207
Albert i Ringer,wednesday,28261260
Albert i Ringer,wednesday,24858998
Albert i Ringer,wednesday,30008010
Albert i Ringer,wednesday,32101947
Albert i Ringer,wednesday,34870028
Albert i Ringer,wednesday,22902820
Albert i Ringer,wednesday,38469653
Albert i Ringer,wednesday,34036059
Albert i Ringer,wednesday,22133358
Albert i Ringer,wednesday,18314662
Albert i Ringer,wednesday,30534328
Albert i Ringer,wednesday,26581537
Albert i Ringer,wednesday,28422550
Ann u Dull,wednesday,2454601
Ann u Dull,wednesday,2717257
Ann u Dull,wednesday,2673646
Ann u Dull,wednesday,2695763
Ann u Dull,wednesday,2092064
Ann u Dull,wednesday,2305118
Ann u Dull,wednesday,2506814
Ann u Dull,wednesday,3265051
Ann u Dull,wednesday,2346145
Ann u Dull,wednesday,2635401
Ann u Dull,wednesday,2607578
Ann u Dull,wednesday,3347219
Ann u Dull,wednesday,1839830
Ann u Dull,wednesday,2102512
Anne i Ringer,wednesday,3146829
Anne i Ringer,wednesday,2622880
Anne i Ringer,wednesday,2861809
Anne i Ringer,wednesday,3149963
Anne i Ringer,wednesday,2016153
Anne i Ringer,wednesday,3839467
Anne i Ringer,wednesday,2423772
Anne i Ringer,wednesday,5291850
Anne i Ringer,wednesday,2583058
Anne i Ringer,wednesday,2907899
Anne i Ringer,wednesday,4078397
Anne i Ringer,wednesday,2907899
Anne i Ringer,wednesday,4764767
Anne i Ringer,wednesday,3511492
Burt r Gringlesby,wednesday,9806981
Burt r Gringlesby,wednesday,9660259
Burt r Gringlesby,wednesday,5662931
Burt r Gringlesby,wednesday,8095555
Burt r Gringlesby,wednesday,10497285
Burt r Gringlesby,wednesday,8084144
Burt r Gringlesby,wednesday,6598084
Burt r Gringlesby,wednesday,9047118
Burt r Gringlesby,wednesday,8026452
Burt r Gringlesby,wednesday,9106568
Burt r Gringlesby,wednesday,10466402
Burt r Gringlesby,wednesday,6346933
Burt r Gringlesby,wednesday,8107423
Burt r Gringlesby,wednesday,9541358
Charlene o Locksley,wednesday,9270384
Charlene o Locksley,wednesday,7104429
Charlene o Locksley,wednesday,6174561
Charlene o Locksley,wednesday,8459075
Charlene o Locksley,wednesday,7106468
Charlene o Locksley,wednesday,7232676
Charlene o Locksley,wednesday,7792844
Charlene o Locksley,wednesday,7746950
Charlene o Locksley,wednesday,6434626
Charlene o Locksley,wednesday,6064414
Charlene o Locksley,wednesday,8488907
Charlene o Locksley,wednesday,8169177
Charlene o Locksley,wednesday,7792333
Charlene o Locksley,wednesday,8894561
Cheryl a Carson,wednesday,3799906
Cheryl a Carson,wednesday,4374846
Cheryl a Carson,wednesday,3720192
Cheryl a Carson,wednesday,4503668
Cheryl a Carson,wednesday,4821345
Cheryl a Carson,wednesday,5136776
Cheryl a Carson,wednesday,4635117
Cheryl a Carson,wednesday,4950929
Cheryl a Carson,wednesday,3141102
Cheryl a Carson,wednesday,5654691
Cheryl a Carson,wednesday,4897291
Cheryl a Carson,wednesday,6512971
Cheryl a Carson,wednesday,5845068
Cheryl a Carson,wednesday,4735997
Dean t Straight,wednesday,12855372
Dean t Straight,wednesday,15346593
Dean t Straight,wednesday,9285846
Dean t Straight,wednesday,9461619
Dean t Straight,wednesday,10345486
Dean t Straight,wednesday,11774409
Dean t Straight,wednesday,11795369
Dean t Straight,wednesday,16759017
Dean t Straight,wednesday,12743215
Dean t Straight,wednesday,14399904
Dean t Straight,wednesday,8449943
Dean t Straight,wednesday,14720857
Dean t Straight,wednesday,7350777
Dean t Straight,wednesday,12804439
Dirk t Stringer,wednesday,48237274
Dirk t Stringer,wednesday,39555623
Dirk t Stringer,wednesday,30148296
Dirk t Stringer,wednesday,78385571
Dirk t Stringer,wednesday,45585282
Dirk t Stringer,wednesday,53567707
Dirk t Stringer,wednesday,41006973
Dirk t Stringer,wednesday,29673329
Dirk t Stringer,wednesday,30649711
Dirk t Stringer,wednesday,47762307
Dirk t Stringer,wednesday,61272976
Dirk t Stringer,wednesday,58845243
Dirk t Stringer,wednesday,31850354
Dirk t Stringer,wednesday,45835990
Heather c McBadden,wednesday,18924861
Heather c McBadden,wednesday,15713318
Heather c McBadden,wednesday,14830291
Heather c McBadden,wednesday,20993289
Heather c McBadden,wednesday,15305197
Heather c McBadden,wednesday,19474457
Heather c McBadden,wednesday,17306539
Heather c McBadden,wednesday,19791127
Heather c McBadden,wednesday,10585961
Heather c McBadden,wednesday,12905836
Heather c McBadden,wednesday,26011432
Heather c McBadden,wednesday,21342600
Heather c McBadden,wednesday,23924371
Heather c McBadden,wednesday,12370391
Innes e del Castillo,wednesday,11659379
Innes e del Castillo,wednesday,20255613
Innes e del Castillo,wednesday,13162269
Innes e del Castillo,wednesday,25155538
Innes e del Castillo,wednesday,24652273
Innes e del Castillo,wednesday,12993866
Innes e del Castillo,wednesday,15199051
Innes e del Castillo,wednesday,18311491
Innes e del Castillo,wednesday,12306885
Innes e del Castillo,wednesday,19373151
Innes e del Castillo,wednesday,17338313
Innes e del Castillo,wednesday,19400229
Innes e del Castillo,wednesday,18687142
Innes e del Castillo,wednesday,17234860
Johnson h White,wednesday,4354487
Johnson h White,wednesday,6404159
Johnson h White,wednesday,5035918
Johnson h White,wednesday,5890855
Johnson h White,wednesday,8111713
Johnson h White,wednesday,8071635
Johnson h White,wednesday,8920670
Johnson h White,wednesday,7637780
Johnson h White,wednesday,4998943
Johnson h White,wednesday,5735002
Johnson h White,wednesday,7627867
Johnson h White,wednesday,5599162
Johnson h White,wednesday,3949366
Johnson h White,wednesday,6699004
Livia a Karsen,wednesday,16198060
Livia a Karsen,wednesday,14356929
Livia a Karsen,wednesday,14388735
Livia a Karsen,wednesday,15935555
Livia a Karsen,wednesday,10255676
Livia a Karsen,wednesday,4628808
Livia a Karsen,wednesday,12767701
Livia a Karsen,wednesday,9971967
Livia a Karsen,wednesday,11897914
Livia a Karsen,wednesday,9297479
Livia a Karsen,wednesday,4565196
Livia a Karsen,wednesday,14179240
Livia a Karsen,wednesday,11624807
Livia a Karsen,wednesday,6594618
Marjorie r Green,wednesday,7273776
Marjorie r Green,wednesday,6272659
Marjorie r Green,wednesday,9713082
Marjorie r Green,wednesday,6555293
Marjorie r Green,wednesday,5914083
Marjorie r Green,wednesday,7723745
Marjorie r Green,wednesday,5516484
Marjorie r Green,wednesday,5708057
Marjorie r Green,wednesday,6093983
Marjorie r Green,wednesday,6787005
Marjorie r Green,wednesday,4977343
Marjorie r Green,wednesday,6208282
Marjorie r Green,wednesday,6914867
Marjorie r Green,wednesday,9290687
Meander m Smith,wednesday,3965953
Meander m Smith,wednesday,5083058
Meander m Smith,wednesday,3784372
Meander m Smith,wednesday,3308031
Meander m Smith,wednesday,4029383
Meander m Smith,wednesday,2531829
Meander m Smith,wednesday,4264320
Meander m Smith,wednesday,2616153
Meander m Smith,wednesday,2690403
Meander m Smith,wednesday,3976774
Meander m Smith,wednesday,3997668
Meander m Smith,wednesday,2657194
Meander m Smith,wednesday,2668014
Meander m Smith,wednesday,4082739
Michael ' O'Leary,wednesday,7884156
Michael ' O'Leary,wednesday,12206234
Michael ' O'Leary,wednesday,9614819
Michael ' O'Leary,wednesday,10420616
Michael ' O'Leary,wednesday,7032563
Michael ' O'Leary,wednesday,9550705
Michael ' O'Leary,wednesday,11345482
Michael ' O'Leary,wednesday,8754067
Michael ' O'Leary,wednesday,9651456
Michael ' O'Leary,wednesday,9587341
Michael ' O'Leary,wednesday,10466412
Michael ' O'Leary,wednesday,7920793
Michael ' O'Leary,wednesday,9614819
Michael ' O'Leary,wednesday,10475571
Michel e DeFrance,wednesday,31881323
Michel e DeFrance,wednesday,35905381
Michel e DeFrance,wednesday,34767847
Michel e DeFrance,wednesday,32952350
Michel e DeFrance,wednesday,34507446
Michel e DeFrance,wednesday,32182968
Michel e DeFrance,wednesday,35720244
Michel e DeFrance,wednesday,39985658
Michel e DeFrance,wednesday,32442603
Michel e DeFrance,wednesday,28470077
Michel e DeFrance,wednesday,33420853
Michel e DeFrance,wednesday,26755697
Michel e DeFrance,wednesday,22263136
Michel e DeFrance,wednesday,17948312
Morningstar r Greene,wednesday,5013653
Morningstar r Greene,wednesday,6036167
Morningstar r Greene,wednesday,3384856
Morningstar r Greene,wednesday,4797940
Morningstar r Greene,wednesday,3280128
Morningstar r Greene,wednesday,3889193
Morningstar r Greene,wednesday,6022548
Morningstar r Greene,wednesday,4008391
Morningstar r Greene,wednesday,2808792
Morningstar r Greene,wednesday,8726917
Morningstar r Greene,wednesday,3538816
Morningstar r Greene,wednesday,2068991
Morningstar r Greene,wednesday,5920134
Morningstar r Greene,wednesday,5342272
Reginald l Blotchet-Halls,wednesday,5927368
Reginald l Blotchet-Halls,wednesday,5722435
Reginald l Blotchet-Halls,wednesday,4936641
Reginald l Blotchet-Halls,wednesday,5748534
Reginald l Blotchet-Halls,wednesday,7270510
Reginald l Blotchet-Halls,wednesday,7645125
Reginald l Blotchet-Halls,wednesday,3973328
Reginald l Blotchet-Halls,wednesday,6309822
Reginald l Blotchet-Halls,wednesday,5166360
Reginald l Blotchet-Halls,wednesday,6847595
Reginald l Blotchet-Halls,wednesday,5251223
Reginald l Blotchet-Halls,wednesday,4308796
Reginald l Blotchet-Halls,wednesday,5726333
Reginald l Blotchet-Halls,wednesday,5714596
Sheryl u Hunter,wednesday,11532748
Sheryl u Hunter,wednesday,10401609
Sheryl u Hunter,wednesday,9322611
Sheryl u Hunter,wednesday,7170175
Sheryl u Hunter,wednesday,12104852
Sheryl u Hunter,wednesday,8996860
Sheryl u Hunter,wednesday,11937365
Sheryl u Hunter,wednesday,11143444
Sheryl u Hunter,wednesday,9969973
Sheryl u Hunter,wednesday,8351449
Sheryl u Hunter,wednesday,9590423
Sheryl u Hunter,wednesday,11735056
Sheryl u Hunter,wednesday,7642246
Sheryl u Hunter,wednesday,10392148
Stearns a MacFeather,wednesday,2062312
Stearns a MacFeather,wednesday,1883924
Stearns a MacFeather,wednesday,1575022
Stearns a MacFeather,wednesday,1209909
Stearns a MacFeather,wednesday,1437911
Stearns a MacFeather,wednesday,1091103
Stearns a MacFeather,wednesday,2243120
Stearns a MacFeather,wednesday,2439585
Stearns a MacFeather,wednesday,2391676
Stearns a MacFeather,wednesday,1773296
Stearns a MacFeather,wednesday,2122999
Stearns a MacFeather,wednesday,2147529
Stearns a MacFeather,wednesday,1648672
Stearns a MacFeather,wednesday,926790
Sylvia a Panteley,wednesday,6178301
Sylvia a Panteley,wednesday,9033760
Sylvia a Panteley,wednesday,4939058
Sylvia a Panteley,wednesday,4880710
Sylvia a Panteley,wednesday,7619568
Sylvia a Panteley,wednesday,6625906
Sylvia a Panteley,wednesday,7224449
Sylvia a Panteley,wednesday,3512491
Sylvia a Panteley,wednesday,4871876
Sylvia a Panteley,wednesday,8443191
Sylvia a Panteley,wednesday,6119984
Sylvia a Panteley,wednesday,5078747
Sylvia a Panteley,wednesday,5122396
Sylvia a Panteley,wednesday,6225906
Abraham e Bennet,thursday,12840579
Abraham e Bennet,thursday,10042842
Abraham e Bennet,thursday,18885140
Abraham e Bennet,thursday,18782684
Abraham e Bennet,thursday,14570029
Abraham e Bennet,thursday,18915088
Abraham e Bennet,thursday,14926614
Abraham e Bennet,thursday,16903727
Abraham e Bennet,thursday,13635252
Abraham e Bennet,thursday,15909813
Abraham e Bennet,thursday,19373427
Abraham e Bennet,thursday,19367494
Abraham e Bennet,thursday,18319610
Abraham e Bennet,thursday,13661615
Albert i Ringer,thursday,20766573
Albert i Ringer,thursday,25553930
Albert i Ringer,thursday,32013427
Albert i Ringer,thursday,26312659
Albert i Ringer,thursday,22474772
Albert i Ringer,thursday,36722577
Albert i Ringer,thursday,28476422
Albert i Ringer,thursday,24791058
Albert i Ringer,thursday,30937792
Albert i Ringer,thursday,21237238
Albert i Ringer,thursday,37547649
Albert i Ringer,thursday,40106741
Albert i Ringer,thursday,27082906
Albert i Ringer,thursday,31652965
Ann u Dull,thursday,3221726
Ann u Dull,thursday,3045694
Ann u Dull,thursday,2546592
Ann u Dull,thursday,2486855
Ann u Dull,thursday,2014951
Ann u Dull,thursday,2803908
Ann u Dull,thursday,2793772
Ann u Dull,thursday,3144613
Ann u Dull,thursday,2234620
Ann u Dull,thursday,1658432
Ann u Dull,thursday,2782102
Ann u Dull,thursday,2624017
Ann u Dull,thursday,2437538
Ann u Dull,thursday,2832614
Anne i Ringer,thursday,4522703
Anne i Ringer,thursday,2337860
Anne i Ringer,thursday,3673912
Anne i Ringer,thursday,3067186
Anne i Ringer,thursday,4728079
Anne i Ringer,thursday,4884231
Anne i Ringer,thursday,4602346
Anne i Ringer,thursday,2947721
Anne i Ringer,thursday,3876155
Anne i Ringer,thursday,5696334
Anne i Ringer,thursday,3630957
Anne i Ringer,thursday,3915976
Anne i Ringer,thursday,5049786
Anne i Ringer,thursday,2745479
Burt r Gringlesby,thursday,8767122
Burt r Gringlesby,thursday,6495136
Burt r Gringlesby,thursday,6276072
Burt r Gringlesby,thursday,7868140
Burt r Gringlesby,thursday,6500703
Burt r Gringlesby,thursday,6481966
Burt r Gringlesby,thursday,5928276
Burt r Gringlesby,thursday,9044335
Burt r Gringlesby,thursday,9006404
Burt r Gringlesby,thursday,6770590
Burt r Gringlesby,thursday,8021453
Burt r Gringlesby,thursday,7312691
Burt r Gringlesby,thursday,6634255
Burt r Gringlesby,thursday,8143594
Charlene o Locksley,thursday,6193172
Charlene o Locksley,thursday,6808410
Charlene o Locksley,thursday,7477702
Charlene o Locksley,thursday,7612581
Charlene o Locksley,thursday,7078169
Charlene o Locksley,thursday,6251814
Charlene o Locksley,thursday,8274224
Charlene o Locksley,thursday,7803042
Charlene o Locksley,thursday,6174561
Charlene o Locksley,thursday,7953983
Charlene o Locksley,thursday,8146994
Charlene o Locksley,thursday,6066453
Charlene o Locksley,thursday,6978221
Charlene o Locksley,thursday,9262224
Cheryl a Carson,thursday,4971333
Cheryl a Carson,thursday,4267190
Cheryl a Carson,thursday,4241875
Cheryl a Carson,thursday,3823698
Cheryl a Carson,thursday,5472612
Cheryl a Carson,thursday,6251559
Cheryl a Carson,thursday,6044164
Cheryl a Carson,thursday,4849668
Cheryl a Carson,thursday,6201309
Cheryl a Carson,thursday,4009927
Cheryl a Carson,thursday,5128858
Cheryl a Carson,thursday,3648395
Cheryl a Carson,thursday,4921845
Cheryl a Carson,thursday,6898296
Dean t Straight,thursday,16974224
Dean t Straight,thursday,11568351
Dean t Straight,thursday,11270478
Dean t Straight,thursday,10171956
Dean t Straight,thursday,11001100
Dean t Straight,thursday,13911317
Dean t Straight,thursday,14929012
Dean t Straight,thursday,13019121
Dean t Straight,thursday,13360927
Dean t Straight,thursday,13548807
Dean t Straight,thursday,8094512
Dean t Straight,thursday,13889363
Dean t Straight,thursday,16703637
Dean t Straight,thursday,14470694
Dirk t Stringer,thursday,62222910
Dirk t Stringer,thursday,49688624
Dirk t Stringer,thursday,46561665
Dirk t Stringer,thursday,61022268
Dirk t Stringer,thursday,50163592
Dirk t Stringer,thursday,53791966
Dirk t Stringer,thursday,34726606
Dirk t Stringer,thursday,50163592
Dirk t Stringer,thursday,39555623
Dirk t Stringer,thursday,36428663
Dirk t Stringer,thursday,42207615
Dirk t Stringer,thursday,58146016
Dirk t Stringer,thursday,60771560
Dirk t Stringer,thursday,48013015
Heather c McBadden,thursday,18237549
Heather c McBadden,thursday,26118673
Heather c McBadden,thursday,22387563
Heather c McBadden,thursday,17671717
Heather c McBadden,thursday,16101490
Heather c McBadden,thursday,22995826
Heather c McBadden,thursday,28621316
Heather c McBadden,thursday,10899019
Heather c McBadden,thursday,28879130
Heather c McBadden,thursday,12494615
Heather c McBadden,thursday,22341241
Heather c McBadden,thursday,18347044
Heather c McBadden,thursday,25799861
Heather c McBadden,thursday,18692829
Innes e del Castillo,thursday,18181301
Innes e del Castillo,thursday,13552260
Innes e del Castillo,thursday,19517392
Innes e del Castillo,thursday,15809316
Innes e del Castillo,thursday,20736320
Innes e del Castillo,thursday,24248914
Innes e del Castillo,thursday,13862619
Innes e del Castillo,thursday,27022945
Innes e del Castillo,thursday,12801301
Innes e del Castillo,thursday,10880710
Innes e del Castillo,thursday,16793629
Innes e del Castillo,thursday,19504654
Innes e del Castillo,thursday,17027613
Innes e del Castillo,thursday,17805651
Johnson h White,thursday,9140927
Johnson h White,thursday,6216048
Johnson h White,thursday,5004568
Johnson h White,thursday,7237959
Johnson h White,thursday,7137955
Johnson h White,thursday,7146456
Johnson h White,thursday,5573859
Johnson h White,thursday,5282759
Johnson h White,thursday,8091554
Johnson h White,thursday,5928119
Johnson h White,thursday,5620749
Johnson h White,thursday,6029782
Johnson h White,thursday,5900873
Johnson h White,thursday,7404049
Livia a Karsen,thursday,20682034
Livia a Karsen,thursday,8205050
Livia a Karsen,thursday,7417534
Livia a Karsen,thursday,10454570
Livia a Karsen,thursday,17787288
Livia a Karsen,thursday,6349723
Livia a Karsen,thursday,11242086
Livia a Karsen,thursday,12841915
Livia a Karsen,thursday,8751264
Livia a Karsen,thursday,12096807
Livia a Karsen,thursday,17272879
Livia a Karsen,thursday,10234472
Livia a Karsen,thursday,8236856
Livia a Karsen,thursday,17248081
Marjorie r Green,thursday,5735074
Marjorie r Green,thursday,6298120
Marjorie r Green,thursday,6156803
Marjorie r Green,thursday,5526268
Marjorie r Green,thursday,6193271
Marjorie r Green,thursday,8916435
Marjorie r Green,thursday,5773657
Marjorie r Green,thursday,6003255
Marjorie r Green,thursday,8083320
Marjorie r Green,thursday,5899630
Marjorie r Green,thursday,6310684
Marjorie r Green,thursday,7173597
Marjorie r Green,thursday,6349266
Marjorie r Green,thursday,5785330
Meander m Smith,thursday,2689656
Meander m Smith,thursday,5030449
Meander m Smith,thursday,4103633
Meander m Smith,thursday,2603838
Meander m Smith,thursday,3689975
Meander m Smith,thursday,6528750
Meander m Smith,thursday,5008061
Meander m Smith,thursday,2603838
Meander m Smith,thursday,4071171
Meander m Smith,thursday,3274075
Meander m Smith,thursday,5400825
Meander m Smith,thursday,2657194
Meander m Smith,thursday,5422466
Meander m Smith,thursday,3604904
Michael ' O'Leary,thursday,6968449
Michael ' O'Leary,thursday,15612606
Michael ' O'Leary,thursday,5320218
Michael ' O'Leary,thursday,7069200
Michael ' O'Leary,thursday,8708271
Michael ' O'Leary,thursday,16528313
Michael ' O'Leary,thursday,6986767
Michael ' O'Leary,thursday,11318005
Michael ' O'Leary,thursday,11354641
Michael ' O'Leary,thursday,8799863
Michael ' O'Leary,thursday,12178757
Michael ' O'Leary,thursday,7050881
Michael ' O'Leary,thursday,6135174
Michael ' O'Leary,thursday,6162652
Michel e DeFrance,thursday,37995312
Michel e DeFrance,thursday,35059969
Michel e DeFrance,thursday,34950861
Michel e DeFrance,thursday,28920892
Michel e DeFrance,thursday,28375769
Michel e DeFrance,thursday,32275153
Michel e DeFrance,thursday,40847992
Michel e DeFrance,thursday,29105263
Michel e DeFrance,thursday,36165016
Michel e DeFrance,thursday,32785667
Michel e DeFrance,thursday,39417569
Michel e DeFrance,thursday,35428121
Michel e DeFrance,thursday,33094121
Michel e DeFrance,thursday,36733105
Morningstar r Greene,thursday,6650676
Morningstar r Greene,thursday,5171491
Morningstar r Greene,thursday,4641148
Morningstar r Greene,thursday,3607996
Morningstar r Greene,thursday,3019260
Morningstar r Greene,thursday,3297526
Morningstar r Greene,thursday,5483560
Morningstar r Greene,thursday,4578076
Morningstar r Greene,thursday,3608747
Morningstar r Greene,thursday,3832120
Morningstar r Greene,thursday,3684969
Morningstar r Greene,thursday,4717371
Morningstar r Greene,thursday,2387217
Morningstar r Greene,thursday,6726898
Reginald l Blotchet-Halls,thursday,5441791
Reginald l Blotchet-Halls,thursday,7018591
Reginald l Blotchet-Halls,thursday,5995240
Reginald l Blotchet-Halls,thursday,5688500
Reginald l Blotchet-Halls,thursday,5775944
Reginald l Blotchet-Halls,thursday,6016130
Reginald l Blotchet-Halls,thursday,6068325
Reginald l Blotchet-Halls,thursday,6512127
Reginald l Blotchet-Halls,thursday,5406542
Reginald l Blotchet-Halls,thursday,6254995
Reginald l Blotchet-Halls,thursday,6232797
Reginald l Blotchet-Halls,thursday,8852520
Reginald l Blotchet-Halls,thursday,7569412
Reginald l Blotchet-Halls,thursday,7138658
Sheryl u Hunter,thursday,11234015
Sheryl u Hunter,thursday,10002844
Sheryl u Hunter,thursday,15700522
Sheryl u Hunter,thursday,5910034
Sheryl u Hunter,thursday,11239868
Sheryl u Hunter,thursday,11050922
Sheryl u Hunter,thursday,12135772
Sheryl u Hunter,thursday,11704136
Sheryl u Hunter,thursday,8908239
Sheryl u Hunter,thursday,11937365
Sheryl u Hunter,thursday,7948782
Sheryl u Hunter,thursday,10471014
Sheryl u Hunter,thursday,10268706
Sheryl u Hunter,thursday,9922027
Stearns a MacFeather,thursday,1209563
Stearns a MacFeather,thursday,2198950
Stearns a MacFeather,thursday,1772104
Stearns a MacFeather,thursday,1070764
Stearns a MacFeather,thursday,1567317
Stearns a MacFeather,thursday,900904
Stearns a MacFeather,thursday,1920166
Stearns a MacFeather,thursday,1495209
Stearns a MacFeather,thursday,1501965
Stearns a MacFeather,thursday,1632196
Stearns a MacFeather,thursday,1478363
Stearns a MacFeather,thursday,1522797
Stearns a MacFeather,thursday,2362422
Stearns a MacFeather,thursday,1952769
Sylvia a Panteley,thursday,8020966
Sylvia a Panteley,thursday,6120462
Sylvia a Panteley,thursday,8097491
Sylvia a Panteley,thursday,6000764
Sylvia a Panteley,thursday,7812218
Sylvia a Panteley,thursday,6525847
Sylvia a Panteley,thursday,7181275
Sylvia a Panteley,thursday,3129777
Sylvia a Panteley,thursday,7036646
Sylvia a Panteley,thursday,4032663
Sylvia a Panteley,thursday,6245483
Sylvia a Panteley,thursday,8308349
Sylvia a Panteley,thursday,7372080
Sylvia a Panteley,thursday,5706656
Abraham e Bennet,friday,15885937
Abraham e Bennet,friday,16393279
Abraham e Bennet,friday,12097030
Abraham e Bennet,friday,15841924
Abraham e Bennet,friday,17299536
Abraham e Bennet,friday,11573829
Abraham e Bennet,friday,22160506
Abraham e Bennet,friday,18453242
Abraham e Bennet,friday,20784307
Abraham e Bennet,friday,14243700
Abraham e Bennet,friday,15053618
Abraham e Bennet,friday,19036185
Abraham e Bennet,friday,15688162
Abraham e Bennet,friday,19424100
Albert i Ringer,friday,33823705
Albert i Ringer,friday,19411237
Albert i Ringer,friday,20830150
Albert i Ringer,friday,19215082
Albert i Ringer,friday,27587804
Albert i Ringer,friday,29564483
Albert i Ringer,friday,19305994
Albert i Ringer,friday,26226218
Albert i Ringer,friday,42404974
Albert i Ringer,friday,16731498
Albert i Ringer,friday,27369093
Albert i Ringer,friday,21977012
Albert i Ringer,friday,22418705
Albert i Ringer,friday,30626186
Ann u Dull,friday,2947062
Ann u Dull,friday,2579470
Ann u Dull,friday,2102512
Ann u Dull,friday,2502981
Ann u Dull,friday,2310511
Ann u Dull,friday,3445539
Ann u Dull,friday,2453379
Ann u Dull,friday,3298838
Ann u Dull,friday,2233710
Ann u Dull,friday,2475185
Ann u Dull,friday,3150889
Ann u Dull,friday,2751044
Ann u Dull,friday,2673022
Ann u Dull,friday,2508972
Anne i Ringer,friday,5371493
Anne i Ringer,friday,3024230
Anne i Ringer,friday,2420638
Anne i Ringer,friday,4075263
Anne i Ringer,friday,5414449
Anne i Ringer,friday,4439925
Anne i Ringer,friday,3876155
Anne i Ringer,friday,2301173
Anne i Ringer,friday,2864944
Anne i Ringer,friday,2583058
Anne i Ringer,friday,4568793
Anne i Ringer,friday,3107007
Anne i Ringer,friday,3670778
Anne i Ringer,friday,4035441
Burt r Gringlesby,friday,6058309
Burt r Gringlesby,friday,6525006
Burt r Gringlesby,friday,9377480
Burt r Gringlesby,friday,6739985
Burt r Gringlesby,friday,9033948
Burt r Gringlesby,friday,6909708
Burt r Gringlesby,friday,7883816
Burt r Gringlesby,friday,7821860
Burt r Gringlesby,friday,12396158
Burt r Gringlesby,friday,9451581
Burt r Gringlesby,friday,7188224
Burt r Gringlesby,friday,7198332
Burt r Gringlesby,friday,6071936
Burt r Gringlesby,friday,6703814
Charlene o Locksley,friday,6999382
Charlene o Locksley,friday,7236248
Charlene o Locksley,friday,7692896
Charlene o Locksley,friday,8337454
Charlene o Locksley,friday,6623560
Charlene o Locksley,friday,7047315
Charlene o Locksley,friday,6865525
Charlene o Locksley,friday,5983589
Charlene o Locksley,friday,5822449
Charlene o Locksley,friday,8595993
Charlene o Locksley,friday,8603641
Charlene o Locksley,friday,5107263
Charlene o Locksley,friday,5637088
Charlene o Locksley,friday,7208965
Cheryl a Carson,friday,7064119
Cheryl a Carson,friday,2962030
Cheryl a Carson,friday,6102332
Cheryl a Carson,friday,7714244
Cheryl a Carson,friday,6165449
Cheryl a Carson,friday,6466871
Cheryl a Carson,friday,7589571
Cheryl a Carson,friday,5397808
Cheryl a Carson,friday,4800560
Cheryl a Carson,friday,4038630
Cheryl a Carson,friday,5236514
Cheryl a Carson,friday,4217321
Cheryl a Carson,friday,7095829
Cheryl a Carson,friday,5622219
Dean t Straight,friday,11468567
Dean t Straight,friday,17244621
Dean t Straight,friday,11611184
Dean t Straight,friday,12901240
Dean t Straight,friday,8523071
Dean t Straight,friday,15440949
Dean t Straight,friday,12840082
Dean t Straight,friday,9310313
Dean t Straight,friday,11428571
Dean t Straight,friday,11802986
Dean t Straight,friday,13483406
Dean t Straight,friday,14156175
Dean t Straight,friday,12347573
Dean t Straight,friday,13490081
Dirk t Stringer,friday,69453212
Dirk t Stringer,friday,42933290
Dirk t Stringer,friday,50414299
Dirk t Stringer,friday,44635347
Dirk t Stringer,friday,45361022
Dirk t Stringer,friday,73081587
Dirk t Stringer,friday,34502346
Dirk t Stringer,friday,38354980
Dirk t Stringer,friday,51865649
Dirk t Stringer,friday,37629306
Dirk t Stringer,friday,46310957
Dirk t Stringer,friday,40281298
Dirk t Stringer,friday,58845243
Dirk t Stringer,friday,38354980
Heather c McBadden,friday,23142284
Heather c McBadden,friday,15250010
Heather c McBadden,friday,19948616
Heather c McBadden,friday,9308707
Heather c McBadden,friday,20863702
Heather c McBadden,friday,15785433
Heather c McBadden,friday,18790155
Heather c McBadden,friday,15242538
Heather c McBadden,friday,18008817
Heather c McBadden,friday,18008850
Heather c McBadden,friday,24152400
Heather c McBadden,friday,17990239
Heather c McBadden,friday,13259684
Heather c McBadden,friday,16117357
Innes e del Castillo,friday,8974460
Innes e del Castillo,friday,19607135
Innes e del Castillo,friday,18388207
Innes e del Castillo,friday,19453414
Innes e del Castillo,friday,13099263
Innes e del Castillo,friday,22031963
Innes e del Castillo,friday,19425363
Innes e del Castillo,friday,16974429
Innes e del Castillo,friday,15899401
Innes e del Castillo,friday,12072901
Innes e del Castillo,friday,19283066
Innes e del Castillo,friday,17752466
Innes e del Castillo,friday,15600466
Innes e del Castillo,friday,13253957
Johnson h White,friday,4653961
Johnson h White,friday,6767066
Johnson h White,friday,4248019
Johnson h White,friday,5525743
Johnson h White,friday,6289168
Johnson h White,friday,8655160
Johnson h White,friday,10412557
Johnson h White,friday,8851944
Johnson h White,friday,7663370
Johnson h White,friday,6148318
Johnson h White,friday,4803816
Johnson h White,friday,6243155
Johnson h White,friday,7209033
Johnson h White,friday,4286612
Livia a Karsen,friday,14083822
Livia a Karsen,friday,13650635
Livia a Karsen,friday,15694253
Livia a Karsen,friday,5015992
Livia a Karsen,friday,12380517
Livia a Karsen,friday,24432372
Livia a Karsen,friday,14211046
Livia a Karsen,friday,8194448
Livia a Karsen,friday,9212663
Livia a Karsen,friday,14264056
Livia a Karsen,friday,9794278
Livia a Karsen,friday,12065001
Livia a Karsen,friday,5342110
Livia a Karsen,friday,14598230
Marjorie r Green,friday,6131675
Marjorie r Green,friday,7209399
Marjorie r Green,friday,8970694
Marjorie r Green,friday,4757529
Marjorie r Green,friday,6079862
Marjorie r Green,friday,6131675
Marjorie r Green,friday,7004039
Marjorie r Green,friday,5041053
Marjorie r Green,friday,8199509
Marjorie r Green,friday,6630677
Marjorie r Green,friday,8739316
Marjorie r Green,friday,6157136
Marjorie r Green,friday,11524966
Marjorie r Green,friday,7377401
Meander m Smith,friday,2924593
Meander m Smith,friday,3720942
Meander m Smith,friday,5051343
Meander m Smith,friday,1934348
Meander m Smith,friday,4329244
Meander m Smith,friday,3669828
Meander m Smith,friday,3614977
Meander m Smith,friday,2946235
Meander m Smith,friday,5359784
Meander m Smith,friday,3625798
Meander m Smith,friday,3296463
Meander m Smith,friday,5423214
Meander m Smith,friday,2583691
Meander m Smith,friday,5071490
Michael ' O'Leary,friday,7874997
Michael ' O'Leary,friday,11345482
Michael ' O'Leary,friday,11281368
Michael ' O'Leary,friday,16409243
Michael ' O'Leary,friday,11327164
Michael ' O'Leary,friday,9678933
Michael ' O'Leary,friday,12123802
Michael ' O'Leary,friday,10512208
Michael ' O'Leary,friday,7005085
Michael ' O'Leary,friday,6245085
Michael ' O'Leary,friday,10548845
Michael ' O'Leary,friday,7041722
Michael ' O'Leary,friday,11308845
Michael ' O'Leary,friday,9623978
Michel e DeFrance,friday,31555947
Michel e DeFrance,friday,38497660
Michel e DeFrance,friday,21778476
Michel e DeFrance,friday,35077657
Michel e DeFrance,friday,41725125
Michel e DeFrance,friday,39627794
Michel e DeFrance,friday,29171005
Michel e DeFrance,friday,37375691
Michel e DeFrance,friday,36297855
Michel e DeFrance,friday,40102931
Michel e DeFrance,friday,30770233
Michel e DeFrance,friday,26144242
Michel e DeFrance,friday,36590743
Michel e DeFrance,friday,29265313
Morningstar r Greene,friday,7379985
Morningstar r Greene,friday,4413428
Morningstar r Greene,friday,4362031
Morningstar r Greene,friday,3684168
Morningstar r Greene,friday,6537856
Morningstar r Greene,friday,4594294
Morningstar r Greene,friday,4552353
Morningstar r Greene,friday,3000297
Morningstar r Greene,friday,3036425
Morningstar r Greene,friday,5039426
Morningstar r Greene,friday,4186326
Morningstar r Greene,friday,4716619
Morningstar r Greene,friday,4472252
Morningstar r Greene,friday,2953676
Reginald l Blotchet-Halls,friday,5728959
Reginald l Blotchet-Halls,friday,5796831
Reginald l Blotchet-Halls,friday,7583774
Reginald l Blotchet-Halls,friday,7263986
Reginald l Blotchet-Halls,friday,6606098
Reginald l Blotchet-Halls,friday,6281097
Reginald l Blotchet-Halls,friday,6791456
Reginald l Blotchet-Halls,friday,7770450
Reginald l Blotchet-Halls,friday,7822645
Reginald l Blotchet-Halls,friday,7188272
Reginald l Blotchet-Halls,friday,6670075
Reginald l Blotchet-Halls,friday,7099514
Reginald l Blotchet-Halls,friday,6594364
Reginald l Blotchet-Halls,friday,7599454
Sheryl u Hunter,friday,10197349
Sheryl u Hunter,friday,15548404
Sheryl u Hunter,friday,10486621
Sheryl u Hunter,friday,9318709
Sheryl u Hunter,friday,13842917
Sheryl u Hunter,friday,10081710
Sheryl u Hunter,friday,13234040
Sheryl u Hunter,friday,15500165
Sheryl u Hunter,friday,10946988
Sheryl u Hunter,friday,11428521
Sheryl u Hunter,friday,10642403
Sheryl u Hunter,friday,8931356
Sheryl u Hunter,friday,7752326
Sheryl u Hunter,friday,10758042
Stearns a MacFeather,friday,2351125
Stearns a MacFeather,friday,1280808
Stearns a MacFeather,friday,2209182
Stearns a MacFeather,friday,2048343
Stearns a MacFeather,friday,1826463
Stearns a MacFeather,friday,2935073
Stearns a MacFeather,friday,1539399
Stearns a MacFeather,friday,1235795
Stearns a MacFeather,friday,2636996
Stearns a MacFeather,friday,2171012
Stearns a MacFeather,friday,1364834
Stearns a MacFeather,friday,2159957
Stearns a MacFeather,friday,2050541
Stearns a MacFeather,friday,2212901
Sylvia a Panteley,friday,10983026
Sylvia a Panteley,friday,5450303
Sylvia a Panteley,friday,6597940
Sylvia a Panteley,friday,5999426
Sylvia a Panteley,friday,5922870
Sylvia a Panteley,friday,4452269
Sylvia a Panteley,friday,8665683
Sylvia a Panteley,friday,4330758
Sylvia a Panteley,friday,7195051
Sylvia a Panteley,friday,8815193
Sylvia a Panteley,friday,6038580
Sylvia a Panteley,friday,6882227
Sylvia a Panteley,friday,6535635
Sylvia a Panteley,friday,3521833
Abraham e Bennet,saturday,11152562
Abraham e Bennet,saturday,22023196
Abraham e Bennet,saturday,19758892
Abraham e Bennet,saturday,14825772
Abraham e Bennet,saturday,13941920
Abraham e Bennet,saturday,13969145
Abraham e Bennet,saturday,17027948
Abraham e Bennet,saturday,19388450
Abraham e Bennet,saturday,16454101
Abraham e Bennet,saturday,12116144
Abraham e Bennet,saturday,14873160
Abraham e Bennet,saturday,13774826
Abraham e Bennet,saturday,15375995
Abraham e Bennet,saturday,14674933
Albert i Ringer,saturday,24009659
Albert i Ringer,saturday,25120896
Albert i Ringer,saturday,29061032
Albert i Ringer,saturday,28545150
Albert i Ringer,saturday,20471624
Albert i Ringer,saturday,26695341
Albert i Ringer,saturday,22810546
Albert i Ringer,saturday,21821393
Albert i Ringer,saturday,30130396
Albert i Ringer,saturday,26821846
Albert i Ringer,saturday,14909343
Albert i Ringer,saturday,37100460
Albert i Ringer,saturday,23325085
Albert i Ringer,saturday,28232645
Ann u Dull,saturday,2173634
Ann u Dull,saturday,2465335
Ann u Dull,saturday,3051685
Ann u Dull,saturday,2701130
Ann u Dull,saturday,2964124
Ann u Dull,saturday,2376552
Ann u Dull,saturday,2754279
Ann u Dull,saturday,3128798
Ann u Dull,saturday,2507724
Ann u Dull,saturday,2749225
Ann u Dull,saturday,2442619
Ann u Dull,saturday,3309598
Ann u Dull,saturday,2503579
Ann u Dull,saturday,2530492
Anne i Ringer,saturday,4522703
Anne i Ringer,saturday,4240817
Anne i Ringer,saturday,3876155
Anne i Ringer,saturday,3958932
Anne i Ringer,saturday,3998754
Anne i Ringer,saturday,2662701
Anne i Ringer,saturday,3474804
Anne i Ringer,saturday,1372739
Anne i Ringer,saturday,3912842
Anne i Ringer,saturday,4645302
Anne i Ringer,saturday,1813911
Anne i Ringer,saturday,3597403
Anne i Ringer,saturday,4038575
Anne i Ringer,saturday,2463593
Burt r Gringlesby,saturday,8509103
Burt r Gringlesby,saturday,9537094
Burt r Gringlesby,saturday,7074889
Burt r Gringlesby,saturday,7440398
Burt r Gringlesby,saturday,7767976
Burt r Gringlesby,saturday,8075794
Burt r Gringlesby,saturday,9946100
Burt r Gringlesby,saturday,9119460
Burt r Gringlesby,saturday,7031392
Burt r Gringlesby,saturday,7827427
Burt r Gringlesby,saturday,5687234
Burt r Gringlesby,saturday,7201116
Burt r Gringlesby,saturday,6531308
Burt r Gringlesby,saturday,6462772
Charlene o Locksley,saturday,6811471
Charlene o Locksley,saturday,6540696
Charlene o Locksley,saturday,8152604
Charlene o Locksley,saturday,5475437
Charlene o Locksley,saturday,5507819
Charlene o Locksley,saturday,7746438
Charlene o Locksley,saturday,6623049
Charlene o Locksley,saturday,7637314
Charlene o Locksley,saturday,4193968
Charlene o Locksley,saturday,7392289
Charlene o Locksley,saturday,8624803
Charlene o Locksley,saturday,8096511
Charlene o Locksley,saturday,8037358
Charlene o Locksley,saturday,9667878
Cheryl a Carson,saturday,6301428
Cheryl a Carson,saturday,4917315
Cheryl a Carson,saturday,3757193
Cheryl a Carson,saturday,4796030
Cheryl a Carson,saturday,3513178
Cheryl a Carson,saturday,3305784
Cheryl a Carson,saturday,6437787
Cheryl a Carson,saturday,5057062
Cheryl a Carson,saturday,5185884
Cheryl a Carson,saturday,4743154
Cheryl a Carson,saturday,4345382
Cheryl a Carson,saturday,6985166
Cheryl a Carson,saturday,4742773
Cheryl a Carson,saturday,5136776
Dean t Straight,saturday,9688193
Dean t Straight,saturday,11404979
Dean t Straight,saturday,12712366
Dean t Straight,saturday,16832765
Dean t Straight,saturday,6822582
Dean t Straight,saturday,10952102
Dean t Straight,saturday,15976346
Dean t Straight,saturday,16347576
Dean t Straight,saturday,12967664
Dean t Straight,saturday,13679021
Dean t Straight,saturday,11858311
Dean t Straight,saturday,11613079
Dean t Straight,saturday,14103508
Dean t Straight,saturday,11136247
Dirk t Stringer,saturday,56918926
Dirk t Stringer,saturday,35702988
Dirk t Stringer,saturday,54042674
Dirk t Stringer,saturday,34726606
Dirk t Stringer,saturday,51865649
Dirk t Stringer,saturday,67526895
Dirk t Stringer,saturday,61022268
Dirk t Stringer,saturday,36177956
Dirk t Stringer,saturday,39331363
Dirk t Stringer,saturday,60520853
Dirk t Stringer,saturday,52564876
Dirk t Stringer,saturday,68978245
Dirk t Stringer,saturday,48738690
Dirk t Stringer,saturday,56443959
Heather c McBadden,saturday,9745042
Heather c McBadden,saturday,17366856
Heather c McBadden,saturday,14670317
Heather c McBadden,saturday,15587778
Heather c McBadden,saturday,23217666
Heather c McBadden,saturday,18972321
Heather c McBadden,saturday,15663193
Heather c McBadden,saturday,22401457
Heather c McBadden,saturday,19659611
Heather c McBadden,saturday,19217981
Heather c McBadden,saturday,23529386
Heather c McBadden,saturday,21536718
Heather c McBadden,saturday,18556996
Heather c McBadden,saturday,20766207
Innes e del Castillo,saturday,14835166
Innes e del Castillo,saturday,21163210
Innes e del Castillo,saturday,18309888
Innes e del Castillo,saturday,26517735
Innes e del Castillo,saturday,14330929
Innes e del Castillo,saturday,16171257
Innes e del Castillo,saturday,12850597
Innes e del Castillo,saturday,16727707
Innes e del Castillo,saturday,13954648
Innes e del Castillo,saturday,24650329
Innes e del Castillo,saturday,19917835
Innes e del Castillo,saturday,13487310
Innes e del Castillo,saturday,16093910
Innes e del Castillo,saturday,16754785
Johnson h White,saturday,6724852
Johnson h White,saturday,7499285
Johnson h White,saturday,8493385
Johnson h White,saturday,4441360
Johnson h White,saturday,6605222
Johnson h White,saturday,5667716
Johnson h White,saturday,5911913
Johnson h White,saturday,8176560
Johnson h White,saturday,6823514
Johnson h White,saturday,7105266
Johnson h White,saturday,5853452
Johnson h White,saturday,5595191
Johnson h White,saturday,7234797
Johnson h White,saturday,5823442
Livia a Karsen,saturday,16758470
Livia a Karsen,saturday,12348711
Livia a Karsen,saturday,11085600
Livia a Karsen,saturday,11032590
Livia a Karsen,saturday,935944
Livia a Karsen,saturday,9826084
Livia a Karsen,saturday,10748881
Livia a Karsen,saturday,12611216
Livia a Karsen,saturday,10748881
Livia a Karsen,saturday,21008151
Livia a Karsen,saturday,2347482
Livia a Karsen,saturday,11525795
Livia a Karsen,saturday,5069002
Livia a Karsen,saturday,6374521
Marjorie r Green,saturday,8429107
Marjorie r Green,saturday,7212179
Marjorie r Green,saturday,7259988
Marjorie r Green,saturday,5272208
Marjorie r Green,saturday,6477129
Marjorie r Green,saturday,5232626
Marjorie r Green,saturday,4578187
Marjorie r Green,saturday,6657361
Marjorie r Green,saturday,6593318
Marjorie r Green,saturday,6914534
Marjorie r Green,saturday,5322131
Marjorie r Green,saturday,8826930
Marjorie r Green,saturday,7583094
Marjorie r Green,saturday,8944343
Meander m Smith,saturday,6476142
Meander m Smith,saturday,2914520
Meander m Smith,saturday,2615406
Meander m Smith,saturday,5380678
Meander m Smith,saturday,2648615
Meander m Smith,saturday,3254675
Meander m Smith,saturday,3318105
Meander m Smith,saturday,2710550
Meander m Smith,saturday,3265496
Meander m Smith,saturday,4029383
Meander m Smith,saturday,4370286
Meander m Smith,saturday,3658260
Meander m Smith,saturday,4166316
Meander m Smith,saturday,4285962
Michael ' O'Leary,saturday,9614819
Michael ' O'Leary,saturday,7911633
Michael ' O'Leary,saturday,6977608
Michael ' O'Leary,saturday,7014245
Michael ' O'Leary,saturday,12206234
Michael ' O'Leary,saturday,12187916
Michael ' O'Leary,saturday,8772385
Michael ' O'Leary,saturday,8726589
Michael ' O'Leary,saturday,9596501
Michael ' O'Leary,saturday,13030350
Michael ' O'Leary,saturday,9596501
Michael ' O'Leary,saturday,9605660
Michael ' O'Leary,saturday,8735749
Michael ' O'Leary,saturday,7142473
Michel e DeFrance,saturday,34065562
Michel e DeFrance,saturday,28461320
Michel e DeFrance,saturday,30527520
Michel e DeFrance,saturday,25198479
Michel e DeFrance,saturday,31455595
Michel e DeFrance,saturday,40957100
Michel e DeFrance,saturday,43089807
Michel e DeFrance,saturday,36038220
Michel e DeFrance,saturday,29950675
Michel e DeFrance,saturday,41667550
Michel e DeFrance,saturday,39777555
Michel e DeFrance,saturday,34114972
Michel e DeFrance,saturday,25182913
Michel e DeFrance,saturday,40087366
Morningstar r Greene,saturday,4308651
Morningstar r Greene,saturday,3510680
Morningstar r Greene,saturday,3640566
Morningstar r Greene,saturday,3482025
Morningstar r Greene,saturday,3911420
Morningstar r Greene,saturday,5286429
Morningstar r Greene,saturday,3510729
Morningstar r Greene,saturday,4807212
Morningstar r Greene,saturday,5711895
Morningstar r Greene,saturday,4331296
Morningstar r Greene,saturday,5220279
Morningstar r Greene,saturday,6392885
Morningstar r Greene,saturday,3480842
Morningstar r Greene,saturday,7003798
Reginald l Blotchet-Halls,saturday,6198860
Reginald l Blotchet-Halls,saturday,5795520
Reginald l Blotchet-Halls,saturday,4663839
Reginald l Blotchet-Halls,saturday,5884278
Reginald l Blotchet-Halls,saturday,6068325
Reginald l Blotchet-Halls,saturday,6636137
Reginald l Blotchet-Halls,saturday,7372320
Reginald l Blotchet-Halls,saturday,8026261
Reginald l Blotchet-Halls,saturday,6794085
Reginald l Blotchet-Halls,saturday,8193362
Reginald l Blotchet-Halls,saturday,5816409
Reginald l Blotchet-Halls,saturday,8513153
Reginald l Blotchet-Halls,saturday,6363332
Reginald l Blotchet-Halls,saturday,6125778
Sheryl u Hunter,saturday,5844530
Sheryl u Hunter,saturday,10748288
Sheryl u Hunter,saturday,10285970
Sheryl u Hunter,saturday,9800535
Sheryl u Hunter,saturday,10270656
Sheryl u Hunter,saturday,11446078
Sheryl u Hunter,saturday,12394124
Sheryl u Hunter,saturday,11792757
Sheryl u Hunter,saturday,9097186
Sheryl u Hunter,saturday,9889156
Sheryl u Hunter,saturday,11814216
Sheryl u Hunter,saturday,9682946
Sheryl u Hunter,saturday,12293798
Sheryl u Hunter,saturday,8442020
Stearns a MacFeather,saturday,1774138
Stearns a MacFeather,saturday,2740293
Stearns a MacFeather,saturday,1490873
Stearns a MacFeather,saturday,1549012
Stearns a MacFeather,saturday,1815881
Stearns a MacFeather,saturday,2820825
Stearns a MacFeather,saturday,2583066
Stearns a MacFeather,saturday,1485325
Stearns a MacFeather,saturday,1740547
Stearns a MacFeather,saturday,2270691
Stearns a MacFeather,saturday,2595476
Stearns a MacFeather,saturday,1893787
Stearns a MacFeather,saturday,1241692
Stearns a MacFeather,saturday,1622234
Sylvia a Panteley,saturday,5889995
Sylvia a Panteley,saturday,5516594
Sylvia a Panteley,saturday,7277409
Sylvia a Panteley,saturday,6145872
Sylvia a Panteley,saturday,4041052
Sylvia a Panteley,saturday,4654262
Sylvia a Panteley,saturday,4239565
Sylvia a Panteley,saturday,7592016
Sylvia a Panteley,saturday,7493591
Sylvia a Panteley,saturday,8232301
Sylvia a Panteley,saturday,4789549
Sylvia a Panteley,saturday,8589635
Sylvia a Panteley,saturday,5946466
Sylvia a Panteley,saturday,6689577
Abraham e Bennet,sunday,23145398
Abraham e Bennet,sunday,19788389
Abraham e Bennet,sunday,11139121
Abraham e Bennet,sunday,16908574
Abraham e Bennet,sunday,21347937
Abraham e Bennet,sunday,20147122
Abraham e Bennet,sunday,12096793
Abraham e Bennet,sunday,16587824
Abraham e Bennet,sunday,21066885
Abraham e Bennet,sunday,15311395
Abraham e Bennet,sunday,15079772
Abraham e Bennet,sunday,10446275
Abraham e Bennet,sunday,12580195
Abraham e Bennet,sunday,16683061
Albert i Ringer,sunday,20860615
Albert i Ringer,sunday,19176578
Albert i Ringer,sunday,28183503
Albert i Ringer,sunday,26001204
Albert i Ringer,sunday,28737232
Albert i Ringer,sunday,36161874
Albert i Ringer,sunday,22224893
Albert i Ringer,sunday,24462883
Albert i Ringer,sunday,31030883
Albert i Ringer,sunday,26545905
Albert i Ringer,sunday,29064581
Albert i Ringer,sunday,20192636
Albert i Ringer,sunday,24169694
Albert i Ringer,sunday,26172998
Ann u Dull,sunday,2426778
Ann u Dull,sunday,1844599
Ann u Dull,sunday,2634777
Ann u Dull,sunday,2916030
Ann u Dull,sunday,2519706
Ann u Dull,sunday,2677479
Ann u Dull,sunday,2152426
Ann u Dull,sunday,2699908
Ann u Dull,sunday,1987467
Ann u Dull,sunday,2651216
Ann u Dull,sunday,2030766
Ann u Dull,sunday,2048141
Ann u Dull,sunday,3293160
Ann u Dull,sunday,2255828
Anne i Ringer,sunday,3551313
Anne i Ringer,sunday,2745479
Anne i Ringer,sunday,4360282
Anne i Ringer,sunday,3591135
Anne i Ringer,sunday,3796511
Anne i Ringer,sunday,5533914
Anne i Ringer,sunday,2540102
Anne i Ringer,sunday,3839467
Anne i Ringer,sunday,3107007
Anne i Ringer,sunday,2665836
Anne i Ringer,sunday,3919110
Anne i Ringer,sunday,3309250
Anne i Ringer,sunday,3670778
Anne i Ringer,sunday,2420638
Burt r Gringlesby,sunday,7891141
Burt r Gringlesby,sunday,5524836
Burt r Gringlesby,sunday,11687396
Burt r Gringlesby,sunday,12109293
Burt r Gringlesby,sunday,8063926
Burt r Gringlesby,sunday,9645608
Burt r Gringlesby,sunday,6428360
Burt r Gringlesby,sunday,7868140
Burt r Gringlesby,sunday,6122302
Burt r Gringlesby,sunday,10530395
Burt r Gringlesby,sunday,6283397
Burt r Gringlesby,sunday,7253240
Burt r Gringlesby,sunday,4517341
Burt r Gringlesby,sunday,8856899
Charlene o Locksley,sunday,6061865
Charlene o Locksley,sunday,7157972
Charlene o Locksley,sunday,6520551
Charlene o Locksley,sunday,6628659
Charlene o Locksley,sunday,8792064
Charlene o Locksley,sunday,7024115
Charlene o Locksley,sunday,5317358
Charlene o Locksley,sunday,5829587
Charlene o Locksley,sunday,6894335
Charlene o Locksley,sunday,7676322
Charlene o Locksley,sunday,5770945
Charlene o Locksley,sunday,6279608
Charlene o Locksley,sunday,5322457
Charlene o Locksley,sunday,8469273
Cheryl a Carson,sunday,4983781
Cheryl a Carson,sunday,4614712
Cheryl a Carson,sunday,2969948
Cheryl a Carson,sunday,5029120
Cheryl a Carson,sunday,7449443
Cheryl a Carson,sunday,4764320
Cheryl a Carson,sunday,5157942
Cheryl a Carson,sunday,5755571
Cheryl a Carson,sunday,4217321
Cheryl a Carson,sunday,4847041
Cheryl a Carson,sunday,5687163
Cheryl a Carson,sunday,4349912
Cheryl a Carson,sunday,3624983
Cheryl a Carson,sunday,6102332
Dean t Straight,sunday,16059511
Dean t Straight,sunday,13269405
Dean t Straight,sunday,10217006
Dean t Straight,sunday,14025328
Dean t Straight,sunday,11637356
Dean t Straight,sunday,11449234
Dean t Straight,sunday,10474760
Dean t Straight,sunday,10020219
Dean t Straight,sunday,14816544
Dean t Straight,sunday,14096844
Dean t Straight,sunday,12166342
Dean t Straight,sunday,13603649
Dean t Straight,sunday,10265667
Dean t Straight,sunday,14771134
Dirk t Stringer,sunday,45361022
Dirk t Stringer,sunday,57644601
Dirk t Stringer,sunday,39080655
Dirk t Stringer,sunday,36903631
Dirk t Stringer,sunday,48962949
Dirk t Stringer,sunday,49213657
Dirk t Stringer,sunday,50889267
Dirk t Stringer,sunday,50190039
Dirk t Stringer,sunday,48013015
Dirk t Stringer,sunday,57644601
Dirk t Stringer,sunday,32576029
Dirk t Stringer,sunday,79111246
Dirk t Stringer,sunday,52089909
Dirk t Stringer,sunday,51139974
Heather c McBadden,sunday,11075161
Heather c McBadden,sunday,19618307
Heather c McBadden,sunday,14195121
Heather c McBadden,sunday,21099203
Heather c McBadden,sunday,23060992
Heather c McBadden,sunday,20044773
Heather c McBadden,sunday,17251073
Heather c McBadden,sunday,19910010
Heather c McBadden,sunday,16690650
Heather c McBadden,sunday,13424900
Heather c McBadden,sunday,22654923
Heather c McBadden,sunday,22672407
Heather c McBadden,sunday,20770924
Heather c McBadden,sunday,23989939
Innes e del Castillo,sunday,17649985
Innes e del Castillo,sunday,20034998
Innes e del Castillo,sunday,15510382
Innes e del Castillo,sunday,14303850
Innes e del Castillo,sunday,13992519
Innes e del Castillo,sunday,16351425
Innes e del Castillo,sunday,19619873
Innes e del Castillo,sunday,18076535
Innes e del Castillo,sunday,11723357
Innes e del Castillo,sunday,10363735
Innes e del Castillo,sunday,13332276
Innes e del Castillo,sunday,22265948
Innes e del Castillo,sunday,27101264
Innes e del Castillo,sunday,24353339
Johnson h White,sunday,5826804
Johnson h White,sunday,6565113
Johnson h White,sunday,4086606
Johnson h White,sunday,6343055
Johnson h White,sunday,8618642
Johnson h White,sunday,7642386
Johnson h White,sunday,5108511
Johnson h White,sunday,8019463
Johnson h White,sunday,5458343
Johnson h White,sunday,5505380
Johnson h White,sunday,6795008
Johnson h White,sunday,4247426
Johnson h White,sunday,5725852
Johnson h White,sunday,8991390
Livia a Karsen,sunday,12065001
Livia a Karsen,sunday,16208662
Livia a Karsen,sunday,3479775
Livia a Karsen,sunday,16850295
Livia a Karsen,sunday,8205050
Livia a Karsen,sunday,14452347
Livia a Karsen,sunday,2713463
Livia a Karsen,sunday,8950158
Livia a Karsen,sunday,11053794
Livia a Karsen,sunday,10833697
Livia a Karsen,sunday,10152201
Livia a Karsen,sunday,4082593
Livia a Karsen,sunday,8388957
Livia a Karsen,sunday,10539386
Marjorie r Green,sunday,9097000
Marjorie r Green,sunday,6375060
Marjorie r Green,sunday,5592534
Marjorie r Green,sunday,5143455
Marjorie r Green,sunday,7659702
Marjorie r Green,sunday,4950325
Marjorie r Green,sunday,9673833
Marjorie r Green,sunday,8532066
Marjorie r Green,sunday,8958796
Marjorie r Green,sunday,5411968
Marjorie r Green,sunday,8710741
Marjorie r Green,sunday,8982035
Marjorie r Green,sunday,8661152
Marjorie r Green,sunday,7066859
Meander m Smith,sunday,3233034
Meander m Smith,sunday,4987914
Meander m Smith,sunday,2925340
Meander m Smith,sunday,6371671
Meander m Smith,sunday,3338252
Meander m Smith,sunday,3720195
Meander m Smith,sunday,4679473
Meander m Smith,sunday,4350139
Meander m Smith,sunday,5072238
Meander m Smith,sunday,4710441
Meander m Smith,sunday,2668014
Meander m Smith,sunday,4007742
Meander m Smith,sunday,1934348
Meander m Smith,sunday,4679473
Michael ' O'Leary,sunday,13946057
Michael ' O'Leary,sunday,9569023
Michael ' O'Leary,sunday,7948270
Michael ' O'Leary,sunday,7920793
Michael ' O'Leary,sunday,12197075
Michael ' O'Leary,sunday,9623978
Michael ' O'Leary,sunday,6968449
Michael ' O'Leary,sunday,13048668
Michael ' O'Leary,sunday,6199289
Michael ' O'Leary,sunday,6153493
Michael ' O'Leary,sunday,7911633
Michael ' O'Leary,sunday,12169598
Michael ' O'Leary,sunday,6995926
Michael ' O'Leary,sunday,5329377
Michel e DeFrance,sunday,25525977
Michel e DeFrance,sunday,40304991
Michel e DeFrance,sunday,29472650
Michel e DeFrance,sunday,35110145
Michel e DeFrance,sunday,25567987
Michel e DeFrance,sunday,38532270
Michel e DeFrance,sunday,35135998
Michel e DeFrance,sunday,34140826
Michel e DeFrance,sunday,36665241
Michel e DeFrance,sunday,22038111
Michel e DeFrance,sunday,19670857
Michel e DeFrance,sunday,30175700
Michel e DeFrance,sunday,33035779
Michel e DeFrance,sunday,32944950
Morningstar r Greene,sunday,3626909
Morningstar r Greene,sunday,4933133
Morningstar r Greene,sunday,5111770
Morningstar r Greene,sunday,4416310
Morningstar r Greene,sunday,5083447
Morningstar r Greene,sunday,6506739
Morningstar r Greene,sunday,5788118
Morningstar r Greene,sunday,6036363
Morningstar r Greene,sunday,3604400
Morningstar r Greene,sunday,3663125
Morningstar r Greene,sunday,6571522
Morningstar r Greene,sunday,3687481
Morningstar r Greene,sunday,4548475
Morningstar r Greene,sunday,4895256
Reginald l Blotchet-Halls,sunday,5577538
Reginald l Blotchet-Halls,sunday,6589152
Reginald l Blotchet-Halls,sunday,4474582
Reginald l Blotchet-Halls,sunday,6035702
Reginald l Blotchet-Halls,sunday,6384218
Reginald l Blotchet-Halls,sunday,5257747
Reginald l Blotchet-Halls,sunday,6273259
Reginald l Blotchet-Halls,sunday,5828143
Reginald l Blotchet-Halls,sunday,6151874
Reginald l Blotchet-Halls,sunday,4650788
Reginald l Blotchet-Halls,sunday,5591900
Reginald l Blotchet-Halls,sunday,4458905
Reginald l Blotchet-Halls,sunday,5542286
Reginald l Blotchet-Halls,sunday,7680374
Sheryl u Hunter,sunday,11135641
Sheryl u Hunter,sunday,9106646
Sheryl u Hunter,sunday,10199300
Sheryl u Hunter,sunday,10389904
Sheryl u Hunter,sunday,10199300
Sheryl u Hunter,sunday,13814241
Sheryl u Hunter,sunday,8339744
Sheryl u Hunter,sunday,10941135
Sheryl u Hunter,sunday,7657560
Sheryl u Hunter,sunday,8621212
Sheryl u Hunter,sunday,12103194
Sheryl u Hunter,sunday,11709989
Sheryl u Hunter,sunday,14324743
Sheryl u Hunter,sunday,9971924
Stearns a MacFeather,sunday,2202792
Stearns a MacFeather,sunday,2144324
Stearns a MacFeather,sunday,1795669
Stearns a MacFeather,sunday,1993590
Stearns a MacFeather,sunday,1812782
Stearns a MacFeather,sunday,1294284
Stearns a MacFeather,sunday,1703588
Stearns a MacFeather,sunday,1358940
Stearns a MacFeather,sunday,1736684
Stearns a MacFeather,sunday,1732125
Stearns a MacFeather,sunday,1514356
Stearns a MacFeather,sunday,2230856
Stearns a MacFeather,sunday,2987809
Stearns a MacFeather,sunday,2923629
Sylvia a Panteley,sunday,8452502
Sylvia a Panteley,sunday,7122513
Sylvia a Panteley,sunday,6586750
Sylvia a Panteley,sunday,7325397
Sylvia a Panteley,sunday,8478835
Sylvia a Panteley,sunday,4033109
Sylvia a Panteley,sunday,7657354
Sylvia a Panteley,sunday,5782735
Sylvia a Panteley,sunday,7224894
Sylvia a Panteley,sunday,4138076
Sylvia a Panteley,sunday,6422989
Sylvia a Panteley,sunday,8598979
Sylvia a Panteley,sunday,8044084
Sylvia a Panteley,sunday,5468989
